split,race_date,R,E,E4,TE,X,won,Horse,NewSplit
A BIT OF BOTH_var102B_LifeTime: Life,9/28/2018,1,1,0,3,0,1,A BIT OF BOTH,
A BIT OF BOTH_var102B_LifeTime: Life,1/10/2019,1,0,0,0,1,0,A BIT OF BOTH,LT Races
A BIT OF BOTH_var102B_LifeTime: Life,2/14/2019,1,1,1,4,0,1,A BIT OF BOTH,LT Races
A BIT OF BOTH_var102B_LifeTime: Life,3/14/2019,1,1,0,2,0,1,A BIT OF BOTH,LT Races
A BIT OF BOTH_var102B_LifeTime: Life,4/20/2019,1,1,1,4,0,1,A BIT OF BOTH,LT Races
A BIT OF BOTH_var102B_LifeTime: Life,6/15/2019,1,1,0,3,0,1,A BIT OF BOTH,LT Races
A BIT OF BOTH_var102B_LifeTime: Life,7/14/2019,1,0,0,1,0,0,A BIT OF BOTH,LT Races
A BIT OF BOTH_var102B_LifeTime: Life,10/14/2019,1,0,0,0,1,1,A BIT OF BOTH,LT Races
A BIT OF BOTH_var102B_LifeTime: Life,10/14/2019,1,1,0,2,0,1,A BIT OF BOTH,LT Races
A BIT OF BOTH_var102B_LifeTime: Life,11/26/2019,1,1,1,4,0,1,A BIT OF BOTH,LT Races
A BIT OF BOTH_var102B_LifeTime: Life,12/14/2019,1,0,0,0,1,0,A BIT OF BOTH,LT Races
A BIT OF BOTH_var102B_LifeTime: Life,1/25/2020,1,0,0,0,1,0,A BIT OF BOTH,LT Races
A BIT OF BOTH_var102B_LifeTime: Life,7/11/2020,1,1,0,2,0,0,A BIT OF BOTH,LT Races
A BIT OF BOTH_var102B_LifeTime: Life,8/28/2020,1,0,0,0,1,0,A BIT OF BOTH,LT Races
A BIT OF BOTH_var102B_LifeTime: Life,10/11/2020,1,1,0,2,0,1,A BIT OF BOTH,LT Races
A BIT OF BOTH_var102B_LifeTime: Life,11/15/2020,1,0,0,0,0,1,A BIT OF BOTH,LT Races
A BIT OF BOTH_var102B_LifeTime: Life,12/5/2020,1,0,0,0,1,0,A BIT OF BOTH,LT Races
A BIT OF BOTH_var102B_LifeTime: Life,2/6/2021,1,0,0,0,1,0,A BIT OF BOTH,LT Races
A BIT OF BOTH_var106_Track: CD,11/15/2020,1,0,0,0,0,1,A BIT OF BOTH,Track: CD
A BIT OF BOTH_var106_Track: CT,8/28/2020,1,0,0,0,1,0,A BIT OF BOTH,Track: CT
A BIT OF BOTH_var106_Track: DE,7/11/2020,1,1,0,2,0,0,A BIT OF BOTH,Track: DE
A BIT OF BOTH_var106_Track: FG,12/5/2020,1,0,0,0,1,0,A BIT OF BOTH,Track: FG
A BIT OF BOTH_var106_Track: GP,9/28/2018,1,1,0,3,0,1,A BIT OF BOTH,Track: GP
A BIT OF BOTH_var106_Track: GP,1/10/2019,1,0,0,0,1,0,A BIT OF BOTH,Track: GP
A BIT OF BOTH_var106_Track: GP,2/14/2019,1,1,1,4,0,1,A BIT OF BOTH,Track: GP
A BIT OF BOTH_var106_Track: GP,3/14/2019,1,1,0,2,0,1,A BIT OF BOTH,Track: GP
A BIT OF BOTH_var106_Track: GP,4/20/2019,1,1,1,4,0,1,A BIT OF BOTH,Track: GP
A BIT OF BOTH_var106_Track: GP,12/14/2019,1,0,0,0,1,0,A BIT OF BOTH,Track: GP
A BIT OF BOTH_var106_Track: GP,1/25/2020,1,0,0,0,1,0,A BIT OF BOTH,Track: GP
A BIT OF BOTH_var106_Track: GP,2/6/2021,1,0,0,0,1,0,A BIT OF BOTH,Track: GP
A BIT OF BOTH_var106_Track: KE,10/11/2020,1,1,0,2,0,1,A BIT OF BOTH,Track: KE
A BIT OF BOTH_var106_Track: MT,6/15/2019,1,1,0,3,0,1,A BIT OF BOTH,Track: MT
A BIT OF BOTH_var106_Track: MT,7/14/2019,1,0,0,1,0,0,A BIT OF BOTH,Track: MT
A BIT OF BOTH_var106_Track: OT,11/26/2019,1,1,1,4,0,1,A BIT OF BOTH,Track: OT
A BIT OF BOTH_var106_Track: PX,10/14/2019,1,0,0,0,1,1,A BIT OF BOTH,Track: PX
A BIT OF BOTH_var106_Track: PX,10/14/2019,1,1,0,2,0,1,A BIT OF BOTH,Track: PX
A BIT OF BOTH_var107_Surface: Dirt,9/28/2018,1,1,0,3,0,1,A BIT OF BOTH,Surface: Dirt
A BIT OF BOTH_var107_Surface: Dirt,1/10/2019,1,0,0,0,1,0,A BIT OF BOTH,Surface: Dirt
A BIT OF BOTH_var107_Surface: Dirt,2/14/2019,1,1,1,4,0,1,A BIT OF BOTH,Surface: Dirt
A BIT OF BOTH_var107_Surface: Dirt,3/14/2019,1,1,0,2,0,1,A BIT OF BOTH,Surface: Dirt
A BIT OF BOTH_var107_Surface: Dirt,4/20/2019,1,1,1,4,0,1,A BIT OF BOTH,Surface: Dirt
A BIT OF BOTH_var107_Surface: Dirt,10/14/2019,1,0,0,0,1,1,A BIT OF BOTH,Surface: Dirt
A BIT OF BOTH_var107_Surface: Dirt,10/14/2019,1,1,0,2,0,1,A BIT OF BOTH,Surface: Dirt
A BIT OF BOTH_var107_Surface: Dirt,12/14/2019,1,0,0,0,1,0,A BIT OF BOTH,Surface: Dirt
A BIT OF BOTH_var107_Surface: Dirt,1/25/2020,1,0,0,0,1,0,A BIT OF BOTH,Surface: Dirt
A BIT OF BOTH_var107_Surface: Dirt,7/11/2020,1,1,0,2,0,0,A BIT OF BOTH,Surface: Dirt
A BIT OF BOTH_var107_Surface: Dirt,8/28/2020,1,0,0,0,1,0,A BIT OF BOTH,Surface: Dirt
A BIT OF BOTH_var107_Surface: Dirt,11/15/2020,1,0,0,0,0,1,A BIT OF BOTH,Surface: Dirt
A BIT OF BOTH_var107_Surface: Dirt,2/6/2021,1,0,0,0,1,0,A BIT OF BOTH,Surface: Dirt
A BIT OF BOTH_var107_Surface: Synth,11/26/2019,1,1,1,4,0,1,A BIT OF BOTH,Surface: Synth
A BIT OF BOTH_var107_Surface: Turf,6/15/2019,1,1,0,3,0,1,A BIT OF BOTH,Surface: Turf
A BIT OF BOTH_var107_Surface: Turf,7/14/2019,1,0,0,1,0,0,A BIT OF BOTH,Surface: Turf
A BIT OF BOTH_var107_Surface: Turf,10/11/2020,1,1,0,2,0,1,A BIT OF BOTH,Surface: Turf
A BIT OF BOTH_var107_Surface: Turf,12/5/2020,1,0,0,0,1,0,A BIT OF BOTH,Surface: Turf
A BIT OF BOTH_var108_SurfaceCond: Frm,6/15/2019,1,1,0,3,0,1,A BIT OF BOTH,SurfaceCond: Frm
A BIT OF BOTH_var108_SurfaceCond: Frm,7/14/2019,1,0,0,1,0,0,A BIT OF BOTH,SurfaceCond: Frm
A BIT OF BOTH_var108_SurfaceCond: Fst,9/28/2018,1,1,0,3,0,1,A BIT OF BOTH,SurfaceCond: Fst
A BIT OF BOTH_var108_SurfaceCond: Fst,1/10/2019,1,0,0,0,1,0,A BIT OF BOTH,SurfaceCond: Fst
A BIT OF BOTH_var108_SurfaceCond: Fst,2/14/2019,1,1,1,4,0,1,A BIT OF BOTH,SurfaceCond: Fst
A BIT OF BOTH_var108_SurfaceCond: Fst,3/14/2019,1,1,0,2,0,1,A BIT OF BOTH,SurfaceCond: Fst
A BIT OF BOTH_var108_SurfaceCond: Fst,4/20/2019,1,1,1,4,0,1,A BIT OF BOTH,SurfaceCond: Fst
A BIT OF BOTH_var108_SurfaceCond: Fst,10/14/2019,1,0,0,0,1,1,A BIT OF BOTH,SurfaceCond: Fst
A BIT OF BOTH_var108_SurfaceCond: Fst,10/14/2019,1,1,0,2,0,1,A BIT OF BOTH,SurfaceCond: Fst
A BIT OF BOTH_var108_SurfaceCond: Fst,11/26/2019,1,1,1,4,0,1,A BIT OF BOTH,SurfaceCond: Fst
A BIT OF BOTH_var108_SurfaceCond: Fst,12/14/2019,1,0,0,0,1,0,A BIT OF BOTH,SurfaceCond: Fst
A BIT OF BOTH_var108_SurfaceCond: Fst,1/25/2020,1,0,0,0,1,0,A BIT OF BOTH,SurfaceCond: Fst
A BIT OF BOTH_var108_SurfaceCond: Fst,7/11/2020,1,1,0,2,0,0,A BIT OF BOTH,SurfaceCond: Fst
A BIT OF BOTH_var108_SurfaceCond: Fst,8/28/2020,1,0,0,0,1,0,A BIT OF BOTH,SurfaceCond: Fst
A BIT OF BOTH_var108_SurfaceCond: Fst,11/15/2020,1,0,0,0,0,1,A BIT OF BOTH,SurfaceCond: Fst
A BIT OF BOTH_var108_SurfaceCond: Gd,10/11/2020,1,1,0,2,0,1,A BIT OF BOTH,SurfaceCond: Gd
A BIT OF BOTH_var108_SurfaceCond: Gd,12/5/2020,1,0,0,0,1,0,A BIT OF BOTH,SurfaceCond: Gd
A BIT OF BOTH_var108_SurfaceCond: Sly,2/6/2021,1,0,0,0,1,0,A BIT OF BOTH,SurfaceCond: Sly
A BIT OF BOTH_var109_Wind: calm,9/28/2018,1,1,0,3,0,1,A BIT OF BOTH,Wind: calm
A BIT OF BOTH_var109_Wind: calm,1/10/2019,1,0,0,0,1,0,A BIT OF BOTH,Wind: calm
A BIT OF BOTH_var109_Wind: calm,2/14/2019,1,1,1,4,0,1,A BIT OF BOTH,Wind: calm
A BIT OF BOTH_var109_Wind: calm,3/14/2019,1,1,0,2,0,1,A BIT OF BOTH,Wind: calm
A BIT OF BOTH_var109_Wind: calm,4/20/2019,1,1,1,4,0,1,A BIT OF BOTH,Wind: calm
A BIT OF BOTH_var109_Wind: calm,6/15/2019,1,1,0,3,0,1,A BIT OF BOTH,Wind: calm
A BIT OF BOTH_var109_Wind: calm,7/14/2019,1,0,0,1,0,0,A BIT OF BOTH,Wind: calm
A BIT OF BOTH_var109_Wind: calm,10/14/2019,1,0,0,0,1,1,A BIT OF BOTH,Wind: calm
A BIT OF BOTH_var109_Wind: calm,10/14/2019,1,1,0,2,0,1,A BIT OF BOTH,Wind: calm
A BIT OF BOTH_var109_Wind: calm,11/26/2019,1,1,1,4,0,1,A BIT OF BOTH,Wind: calm
A BIT OF BOTH_var109_Wind: calm,1/25/2020,1,0,0,0,1,0,A BIT OF BOTH,Wind: calm
A BIT OF BOTH_var109_Wind: calm,7/11/2020,1,1,0,2,0,0,A BIT OF BOTH,Wind: calm
A BIT OF BOTH_var109_Wind: calm,8/28/2020,1,0,0,0,1,0,A BIT OF BOTH,Wind: calm
A BIT OF BOTH_var109_Wind: calm,10/11/2020,1,1,0,2,0,1,A BIT OF BOTH,Wind: calm
A BIT OF BOTH_var109_Wind: calm,12/5/2020,1,0,0,0,1,0,A BIT OF BOTH,Wind: calm
A BIT OF BOTH_var109_Wind: calm,2/6/2021,1,0,0,0,1,0,A BIT OF BOTH,Wind: calm
A BIT OF BOTH_var109_Wind: hvy,12/14/2019,1,0,0,0,1,0,A BIT OF BOTH,Wind: hvy
A BIT OF BOTH_var109_Wind: hvy,11/15/2020,1,0,0,0,0,1,A BIT OF BOTH,Wind: hvy
A BIT OF BOTH_var110_Preip: clear,9/28/2018,1,1,0,3,0,1,A BIT OF BOTH,Preip: clear
A BIT OF BOTH_var110_Preip: clear,1/10/2019,1,0,0,0,1,0,A BIT OF BOTH,Preip: clear
A BIT OF BOTH_var110_Preip: clear,2/14/2019,1,1,1,4,0,1,A BIT OF BOTH,Preip: clear
A BIT OF BOTH_var110_Preip: clear,3/14/2019,1,1,0,2,0,1,A BIT OF BOTH,Preip: clear
A BIT OF BOTH_var110_Preip: clear,4/20/2019,1,1,1,4,0,1,A BIT OF BOTH,Preip: clear
A BIT OF BOTH_var110_Preip: clear,6/15/2019,1,1,0,3,0,1,A BIT OF BOTH,Preip: clear
A BIT OF BOTH_var110_Preip: clear,7/14/2019,1,0,0,1,0,0,A BIT OF BOTH,Preip: clear
A BIT OF BOTH_var110_Preip: clear,10/14/2019,1,0,0,0,1,1,A BIT OF BOTH,Preip: clear
A BIT OF BOTH_var110_Preip: clear,10/14/2019,1,1,0,2,0,1,A BIT OF BOTH,Preip: clear
A BIT OF BOTH_var110_Preip: clear,11/26/2019,1,1,1,4,0,1,A BIT OF BOTH,Preip: clear
A BIT OF BOTH_var110_Preip: clear,12/14/2019,1,0,0,0,1,0,A BIT OF BOTH,Preip: clear
A BIT OF BOTH_var110_Preip: clear,1/25/2020,1,0,0,0,1,0,A BIT OF BOTH,Preip: clear
A BIT OF BOTH_var110_Preip: clear,7/11/2020,1,1,0,2,0,0,A BIT OF BOTH,Preip: clear
A BIT OF BOTH_var110_Preip: clear,8/28/2020,1,0,0,0,1,0,A BIT OF BOTH,Preip: clear
A BIT OF BOTH_var110_Preip: clear,10/11/2020,1,1,0,2,0,1,A BIT OF BOTH,Preip: clear
A BIT OF BOTH_var110_Preip: clear,11/15/2020,1,0,0,0,0,1,A BIT OF BOTH,Preip: clear
A BIT OF BOTH_var110_Preip: clear,12/5/2020,1,0,0,0,1,0,A BIT OF BOTH,Preip: clear
A BIT OF BOTH_var110_Preip: clear,2/6/2021,1,0,0,0,1,0,A BIT OF BOTH,Preip: clear
A BIT OF BOTH_var112_Jockey: C Montalvo,9/28/2018,1,1,0,3,0,1,A BIT OF BOTH,Jockey: C Montalvo
A BIT OF BOTH_var112_Jockey: F Geroux,10/11/2020,1,1,0,2,0,1,A BIT OF BOTH,Jockey: F Geroux
A BIT OF BOTH_var112_Jockey: F Geroux,11/15/2020,1,0,0,0,0,1,A BIT OF BOTH,Jockey: F Geroux
A BIT OF BOTH_var112_Jockey: F Geroux,12/5/2020,1,0,0,0,1,0,A BIT OF BOTH,Jockey: F Geroux
A BIT OF BOTH_var112_Jockey: G Almodovar,8/28/2020,1,0,0,0,1,0,A BIT OF BOTH,Jockey: G Almodovar
"A BIT OF BOTH_var112_Jockey: I Ortiz, Jr.",1/10/2019,1,0,0,0,1,0,A BIT OF BOTH,"Jockey: I Ortiz, Jr."
"A BIT OF BOTH_var112_Jockey: I Ortiz, Jr.",2/14/2019,1,1,1,4,0,1,A BIT OF BOTH,"Jockey: I Ortiz, Jr."
"A BIT OF BOTH_var112_Jockey: I Ortiz, Jr.",7/11/2020,1,1,0,2,0,0,A BIT OF BOTH,"Jockey: I Ortiz, Jr."
A BIT OF BOTH_var112_Jockey: L Saez,3/14/2019,1,1,0,2,0,1,A BIT OF BOTH,Jockey: L Saez
A BIT OF BOTH_var112_Jockey: L Saez,2/6/2021,1,0,0,0,1,0,A BIT OF BOTH,Jockey: L Saez
A BIT OF BOTH_var112_Jockey: N Juarez,6/15/2019,1,1,0,3,0,1,A BIT OF BOTH,Jockey: N Juarez
A BIT OF BOTH_var112_Jockey: N Juarez,7/14/2019,1,0,0,1,0,0,A BIT OF BOTH,Jockey: N Juarez
A BIT OF BOTH_var112_Jockey: P Lopez,4/20/2019,1,1,1,4,0,1,A BIT OF BOTH,Jockey: P Lopez
A BIT OF BOTH_var112_Jockey: P Lopez,10/14/2019,1,0,0,0,1,1,A BIT OF BOTH,Jockey: P Lopez
A BIT OF BOTH_var112_Jockey: P Lopez,10/14/2019,1,1,0,2,0,1,A BIT OF BOTH,Jockey: P Lopez
A BIT OF BOTH_var112_Jockey: P Lopez,11/26/2019,1,1,1,4,0,1,A BIT OF BOTH,Jockey: P Lopez
A BIT OF BOTH_var112_Jockey: P Lopez,12/14/2019,1,0,0,0,1,0,A BIT OF BOTH,Jockey: P Lopez
A BIT OF BOTH_var112_Jockey: P Lopez,1/25/2020,1,0,0,0,1,0,A BIT OF BOTH,Jockey: P Lopez
A BIT OF BOTH_var113_Pattern: --,9/28/2018,1,1,0,3,0,1,A BIT OF BOTH,Pattern: --
A BIT OF BOTH_var113_Pattern: 010,6/15/2019,1,1,0,3,0,1,A BIT OF BOTH,Pattern: 010
A BIT OF BOTH_var113_Pattern: 01X,12/14/2019,1,0,0,0,1,0,A BIT OF BOTH,Pattern: 01X
A BIT OF BOTH_var113_Pattern: 0XP,3/14/2019,1,1,0,2,0,1,A BIT OF BOTH,Pattern: 0XP
A BIT OF BOTH_var113_Pattern: 10X,4/20/2019,1,1,1,4,0,1,A BIT OF BOTH,Pattern: 10X
A BIT OF BOTH_var113_Pattern: 1X1,11/15/2020,1,0,0,0,0,1,A BIT OF BOTH,Pattern: 1X1
A BIT OF BOTH_var113_Pattern: 1X2,11/26/2019,1,1,1,4,0,1,A BIT OF BOTH,Pattern: 1X2
A BIT OF BOTH_var113_Pattern: 1XX,8/28/2020,1,0,0,0,1,0,A BIT OF BOTH,Pattern: 1XX
A BIT OF BOTH_var113_Pattern: 2P0,10/14/2019,1,0,0,0,1,1,A BIT OF BOTH,Pattern: 2P0
A BIT OF BOTH_var113_Pattern: 31X,12/5/2020,1,0,0,0,1,0,A BIT OF BOTH,Pattern: 31X
A BIT OF BOTH_var113_Pattern: P,1/10/2019,1,0,0,0,1,0,A BIT OF BOTH,Pattern: P
A BIT OF BOTH_var113_Pattern: P01,7/14/2019,1,0,0,1,0,0,A BIT OF BOTH,Pattern: P01
A BIT OF BOTH_var113_Pattern: X01,1/25/2020,1,0,0,0,1,0,A BIT OF BOTH,Pattern: X01
A BIT OF BOTH_var113_Pattern: X1X,10/11/2020,1,1,0,2,0,1,A BIT OF BOTH,Pattern: X1X
A BIT OF BOTH_var113_Pattern: X2P,10/14/2019,1,1,0,2,0,1,A BIT OF BOTH,Pattern: X2P
A BIT OF BOTH_var113_Pattern: X31,2/6/2021,1,0,0,0,1,0,A BIT OF BOTH,Pattern: X31
A BIT OF BOTH_var113_Pattern: XP,2/14/2019,1,1,1,4,0,1,A BIT OF BOTH,Pattern: XP
A BIT OF BOTH_var113_Pattern: XX0,7/11/2020,1,1,0,2,0,0,A BIT OF BOTH,Pattern: XX0
A BIT OF BOTH_var114_FormCycle: A1,9/28/2018,1,1,0,3,0,1,A BIT OF BOTH,FormCycle: A1
A BIT OF BOTH_var114_FormCycle: B1,2/6/2021,1,0,0,0,1,0,A BIT OF BOTH,FormCycle: B1
A BIT OF BOTH_var114_FormCycle: C1,1/10/2019,1,0,0,0,1,0,A BIT OF BOTH,FormCycle: C1
A BIT OF BOTH_var114_FormCycle: C1,10/14/2019,1,0,0,0,1,1,A BIT OF BOTH,FormCycle: C1
A BIT OF BOTH_var114_FormCycle: C1,7/11/2020,1,1,0,2,0,0,A BIT OF BOTH,FormCycle: C1
A BIT OF BOTH_var114_FormCycle: C2,2/14/2019,1,1,1,4,0,1,A BIT OF BOTH,FormCycle: C2
A BIT OF BOTH_var114_FormCycle: C2,10/14/2019,1,1,0,2,0,1,A BIT OF BOTH,FormCycle: C2
A BIT OF BOTH_var114_FormCycle: C2,8/28/2020,1,0,0,0,1,0,A BIT OF BOTH,FormCycle: C2
A BIT OF BOTH_var114_FormCycle: C3,3/14/2019,1,1,0,2,0,1,A BIT OF BOTH,FormCycle: C3
A BIT OF BOTH_var114_FormCycle: C3,11/26/2019,1,1,1,4,0,1,A BIT OF BOTH,FormCycle: C3
A BIT OF BOTH_var114_FormCycle: C3,10/11/2020,1,1,0,2,0,1,A BIT OF BOTH,FormCycle: C3
A BIT OF BOTH_var114_FormCycle: CX,4/20/2019,1,1,1,4,0,1,A BIT OF BOTH,FormCycle: CX
A BIT OF BOTH_var114_FormCycle: CX,6/15/2019,1,1,0,3,0,1,A BIT OF BOTH,FormCycle: CX
A BIT OF BOTH_var114_FormCycle: CX,7/14/2019,1,0,0,1,0,0,A BIT OF BOTH,FormCycle: CX
A BIT OF BOTH_var114_FormCycle: CX,12/14/2019,1,0,0,0,1,0,A BIT OF BOTH,FormCycle: CX
A BIT OF BOTH_var114_FormCycle: CX,1/25/2020,1,0,0,0,1,0,A BIT OF BOTH,FormCycle: CX
A BIT OF BOTH_var114_FormCycle: CX,11/15/2020,1,0,0,0,0,1,A BIT OF BOTH,FormCycle: CX
A BIT OF BOTH_var114_FormCycle: CX,12/5/2020,1,0,0,0,1,0,A BIT OF BOTH,FormCycle: CX
A BIT OF BOTH_var200_TrkSur: At CD on Dirt,11/15/2020,1,0,0,0,0,1,A BIT OF BOTH,TrkSur: At CD on Dirt
A BIT OF BOTH_var200_TrkSur: At CT on Dirt,8/28/2020,1,0,0,0,1,0,A BIT OF BOTH,TrkSur: At CT on Dirt
A BIT OF BOTH_var200_TrkSur: At DEL on Dirt,7/11/2020,1,1,0,2,0,0,A BIT OF BOTH,TrkSur: At DEL on Dirt
A BIT OF BOTH_var200_TrkSur: At FG on Turf,12/5/2020,1,0,0,0,1,0,A BIT OF BOTH,TrkSur: At FG on Turf
A BIT OF BOTH_var200_TrkSur: At GP on Dirt,9/28/2018,1,1,0,3,0,1,A BIT OF BOTH,TrkSur: At GP on Dirt
A BIT OF BOTH_var200_TrkSur: At GP on Dirt,1/10/2019,1,0,0,0,1,0,A BIT OF BOTH,TrkSur: At GP on Dirt
A BIT OF BOTH_var200_TrkSur: At GP on Dirt,2/14/2019,1,1,1,4,0,1,A BIT OF BOTH,TrkSur: At GP on Dirt
A BIT OF BOTH_var200_TrkSur: At GP on Dirt,3/14/2019,1,1,0,2,0,1,A BIT OF BOTH,TrkSur: At GP on Dirt
A BIT OF BOTH_var200_TrkSur: At GP on Dirt,4/20/2019,1,1,1,4,0,1,A BIT OF BOTH,TrkSur: At GP on Dirt
A BIT OF BOTH_var200_TrkSur: At GP on Dirt,12/14/2019,1,0,0,0,1,0,A BIT OF BOTH,TrkSur: At GP on Dirt
A BIT OF BOTH_var200_TrkSur: At GP on Dirt,1/25/2020,1,0,0,0,1,0,A BIT OF BOTH,TrkSur: At GP on Dirt
A BIT OF BOTH_var200_TrkSur: At GP on Dirt,2/6/2021,1,0,0,0,1,0,A BIT OF BOTH,TrkSur: At GP on Dirt
A BIT OF BOTH_var200_TrkSur: At KEE on Turf,10/11/2020,1,1,0,2,0,1,A BIT OF BOTH,TrkSur: At KEE on Turf
A BIT OF BOTH_var200_TrkSur: At MTH on Turf,6/15/2019,1,1,0,3,0,1,A BIT OF BOTH,TrkSur: At MTH on Turf
A BIT OF BOTH_var200_TrkSur: At MTH on Turf,7/14/2019,1,0,0,1,0,0,A BIT OF BOTH,TrkSur: At MTH on Turf
A BIT OF BOTH_var200_TrkSur: At OTC on Synth,11/26/2019,1,1,1,4,0,1,A BIT OF BOTH,TrkSur: At OTC on Synth
A BIT OF BOTH_var200_TrkSur: At PRX on Dirt,10/14/2019,1,0,0,0,1,1,A BIT OF BOTH,TrkSur: At PRX on Dirt
A BIT OF BOTH_var200_TrkSur: At PRX on Dirt,10/14/2019,1,1,0,2,0,1,A BIT OF BOTH,TrkSur: At PRX on Dirt
A BIT OF BOTH_var201_DisTrkSur: 5.0F on GP Dirt,2/6/2021,1,0,0,0,1,0,A BIT OF BOTH,DisTrkSur: 5.0F on GP Dirt
A BIT OF BOTH_var201_DisTrkSur: 5.5F on CD Dirt,11/15/2020,1,0,0,0,0,1,A BIT OF BOTH,DisTrkSur: 5.5F on CD Dirt
A BIT OF BOTH_var201_DisTrkSur: 5.5F on FG Turf,12/5/2020,1,0,0,0,1,0,A BIT OF BOTH,DisTrkSur: 5.5F on FG Turf
A BIT OF BOTH_var201_DisTrkSur: 5.5F on GP Dirt,1/10/2019,1,0,0,0,1,0,A BIT OF BOTH,DisTrkSur: 5.5F on GP Dirt
A BIT OF BOTH_var201_DisTrkSur: 5.5F on KEE Turf,10/11/2020,1,1,0,2,0,1,A BIT OF BOTH,DisTrkSur: 5.5F on KEE Turf
A BIT OF BOTH_var201_DisTrkSur: 5.5F on MTH Turf,6/15/2019,1,1,0,3,0,1,A BIT OF BOTH,DisTrkSur: 5.5F on MTH Turf
A BIT OF BOTH_var201_DisTrkSur: 5.5F on MTH Turf,7/14/2019,1,0,0,1,0,0,A BIT OF BOTH,DisTrkSur: 5.5F on MTH Turf
A BIT OF BOTH_var201_DisTrkSur: 6.0F on DEL Dirt,7/11/2020,1,1,0,2,0,0,A BIT OF BOTH,DisTrkSur: 6.0F on DEL Dirt
A BIT OF BOTH_var201_DisTrkSur: 6.0F on GP Dirt,9/28/2018,1,1,0,3,0,1,A BIT OF BOTH,DisTrkSur: 6.0F on GP Dirt
A BIT OF BOTH_var201_DisTrkSur: 6.0F on GP Dirt,3/14/2019,1,1,0,2,0,1,A BIT OF BOTH,DisTrkSur: 6.0F on GP Dirt
A BIT OF BOTH_var201_DisTrkSur: 6.0F on GP Dirt,12/14/2019,1,0,0,0,1,0,A BIT OF BOTH,DisTrkSur: 6.0F on GP Dirt
A BIT OF BOTH_var201_DisTrkSur: 6.0F on OTC Synth,11/26/2019,1,1,1,4,0,1,A BIT OF BOTH,DisTrkSur: 6.0F on OTC Synth
A BIT OF BOTH_var201_DisTrkSur: 6.0F on PRX Dirt,10/14/2019,1,0,0,0,1,1,A BIT OF BOTH,DisTrkSur: 6.0F on PRX Dirt
A BIT OF BOTH_var201_DisTrkSur: 6.0F on PRX Dirt,10/14/2019,1,1,0,2,0,1,A BIT OF BOTH,DisTrkSur: 6.0F on PRX Dirt
A BIT OF BOTH_var201_DisTrkSur: 7.0F on CT Dirt,8/28/2020,1,0,0,0,1,0,A BIT OF BOTH,DisTrkSur: 7.0F on CT Dirt
A BIT OF BOTH_var201_DisTrkSur: 7.0F on GP Dirt,2/14/2019,1,1,1,4,0,1,A BIT OF BOTH,DisTrkSur: 7.0F on GP Dirt
A BIT OF BOTH_var201_DisTrkSur: 7.0F on GP Dirt,4/20/2019,1,1,1,4,0,1,A BIT OF BOTH,DisTrkSur: 7.0F on GP Dirt
A BIT OF BOTH_var201_DisTrkSur: 7.0F on GP Dirt,1/25/2020,1,0,0,0,1,0,A BIT OF BOTH,DisTrkSur: 7.0F on GP Dirt
A BIT OF BOTH_var202_DisSur: 5.0F on Dirt,2/6/2021,1,0,0,0,1,0,A BIT OF BOTH,DisSur: 5.0F on Dirt
A BIT OF BOTH_var202_DisSur: 5.5F on Dirt,1/10/2019,1,0,0,0,1,0,A BIT OF BOTH,DisSur: 5.5F on Dirt
A BIT OF BOTH_var202_DisSur: 5.5F on Dirt,11/15/2020,1,0,0,0,0,1,A BIT OF BOTH,DisSur: 5.5F on Dirt
A BIT OF BOTH_var202_DisSur: 5.5F on Turf,6/15/2019,1,1,0,3,0,1,A BIT OF BOTH,DisSur: 5.5F on Turf
A BIT OF BOTH_var202_DisSur: 5.5F on Turf,7/14/2019,1,0,0,1,0,0,A BIT OF BOTH,DisSur: 5.5F on Turf
A BIT OF BOTH_var202_DisSur: 5.5F on Turf,10/11/2020,1,1,0,2,0,1,A BIT OF BOTH,DisSur: 5.5F on Turf
A BIT OF BOTH_var202_DisSur: 5.5F on Turf,12/5/2020,1,0,0,0,1,0,A BIT OF BOTH,DisSur: 5.5F on Turf
A BIT OF BOTH_var202_DisSur: 6.0F on Dirt,9/28/2018,1,1,0,3,0,1,A BIT OF BOTH,DisSur: 6.0F on Dirt
A BIT OF BOTH_var202_DisSur: 6.0F on Dirt,3/14/2019,1,1,0,2,0,1,A BIT OF BOTH,DisSur: 6.0F on Dirt
A BIT OF BOTH_var202_DisSur: 6.0F on Dirt,10/14/2019,1,0,0,0,1,1,A BIT OF BOTH,DisSur: 6.0F on Dirt
A BIT OF BOTH_var202_DisSur: 6.0F on Dirt,10/14/2019,1,1,0,2,0,1,A BIT OF BOTH,DisSur: 6.0F on Dirt
A BIT OF BOTH_var202_DisSur: 6.0F on Dirt,12/14/2019,1,0,0,0,1,0,A BIT OF BOTH,DisSur: 6.0F on Dirt
A BIT OF BOTH_var202_DisSur: 6.0F on Dirt,7/11/2020,1,1,0,2,0,0,A BIT OF BOTH,DisSur: 6.0F on Dirt
A BIT OF BOTH_var202_DisSur: 6.0F on Synth,11/26/2019,1,1,1,4,0,1,A BIT OF BOTH,DisSur: 6.0F on Synth
A BIT OF BOTH_var202_DisSur: 7.0F on Dirt,2/14/2019,1,1,1,4,0,1,A BIT OF BOTH,DisSur: 7.0F on Dirt
A BIT OF BOTH_var202_DisSur: 7.0F on Dirt,4/20/2019,1,1,1,4,0,1,A BIT OF BOTH,DisSur: 7.0F on Dirt
A BIT OF BOTH_var202_DisSur: 7.0F on Dirt,1/25/2020,1,0,0,0,1,0,A BIT OF BOTH,DisSur: 7.0F on Dirt
A BIT OF BOTH_var202_DisSur: 7.0F on Dirt,8/28/2020,1,0,0,0,1,0,A BIT OF BOTH,DisSur: 7.0F on Dirt
A BIT OF BOTH_var203_SurTypCon: Dirt Sprint on Fst Trk,9/28/2018,1,1,0,3,0,1,A BIT OF BOTH,SurTypCon: Dirt Sprint on Fst Trk
A BIT OF BOTH_var203_SurTypCon: Dirt Sprint on Fst Trk,1/10/2019,1,0,0,0,1,0,A BIT OF BOTH,SurTypCon: Dirt Sprint on Fst Trk
A BIT OF BOTH_var203_SurTypCon: Dirt Sprint on Fst Trk,2/14/2019,1,1,1,4,0,1,A BIT OF BOTH,SurTypCon: Dirt Sprint on Fst Trk
A BIT OF BOTH_var203_SurTypCon: Dirt Sprint on Fst Trk,3/14/2019,1,1,0,2,0,1,A BIT OF BOTH,SurTypCon: Dirt Sprint on Fst Trk
A BIT OF BOTH_var203_SurTypCon: Dirt Sprint on Fst Trk,4/20/2019,1,1,1,4,0,1,A BIT OF BOTH,SurTypCon: Dirt Sprint on Fst Trk
A BIT OF BOTH_var203_SurTypCon: Dirt Sprint on Fst Trk,10/14/2019,1,0,0,0,1,1,A BIT OF BOTH,SurTypCon: Dirt Sprint on Fst Trk
A BIT OF BOTH_var203_SurTypCon: Dirt Sprint on Fst Trk,10/14/2019,1,1,0,2,0,1,A BIT OF BOTH,SurTypCon: Dirt Sprint on Fst Trk
A BIT OF BOTH_var203_SurTypCon: Dirt Sprint on Fst Trk,12/14/2019,1,0,0,0,1,0,A BIT OF BOTH,SurTypCon: Dirt Sprint on Fst Trk
A BIT OF BOTH_var203_SurTypCon: Dirt Sprint on Fst Trk,1/25/2020,1,0,0,0,1,0,A BIT OF BOTH,SurTypCon: Dirt Sprint on Fst Trk
A BIT OF BOTH_var203_SurTypCon: Dirt Sprint on Fst Trk,7/11/2020,1,1,0,2,0,0,A BIT OF BOTH,SurTypCon: Dirt Sprint on Fst Trk
A BIT OF BOTH_var203_SurTypCon: Dirt Sprint on Fst Trk,8/28/2020,1,0,0,0,1,0,A BIT OF BOTH,SurTypCon: Dirt Sprint on Fst Trk
A BIT OF BOTH_var203_SurTypCon: Dirt Sprint on Fst Trk,11/15/2020,1,0,0,0,0,1,A BIT OF BOTH,SurTypCon: Dirt Sprint on Fst Trk
A BIT OF BOTH_var203_SurTypCon: Dirt Sprint on Sly Trk,2/6/2021,1,0,0,0,1,0,A BIT OF BOTH,SurTypCon: Dirt Sprint on Sly Trk
A BIT OF BOTH_var203_SurTypCon: Synth Sprint on Fst Trk,11/26/2019,1,1,1,4,0,1,A BIT OF BOTH,SurTypCon: Synth Sprint on Fst Trk
A BIT OF BOTH_var203_SurTypCon: Turf Sprint on Frm Trk,6/15/2019,1,1,0,3,0,1,A BIT OF BOTH,SurTypCon: Turf Sprint on Frm Trk
A BIT OF BOTH_var203_SurTypCon: Turf Sprint on Frm Trk,7/14/2019,1,0,0,1,0,0,A BIT OF BOTH,SurTypCon: Turf Sprint on Frm Trk
A BIT OF BOTH_var203_SurTypCon: Turf Sprint on Gd Trk,10/11/2020,1,1,0,2,0,1,A BIT OF BOTH,SurTypCon: Turf Sprint on Gd Trk
A BIT OF BOTH_var203_SurTypCon: Turf Sprint on Gd Trk,12/5/2020,1,0,0,0,1,0,A BIT OF BOTH,SurTypCon: Turf Sprint on Gd Trk
A BIT OF BOTH_var204_Lasix: With Lasix,9/28/2018,1,1,0,3,0,1,A BIT OF BOTH,Lasix: With Lasix
A BIT OF BOTH_var204_Lasix: With Lasix,1/10/2019,1,0,0,0,1,0,A BIT OF BOTH,Lasix: With Lasix
A BIT OF BOTH_var204_Lasix: With Lasix,2/14/2019,1,1,1,4,0,1,A BIT OF BOTH,Lasix: With Lasix
A BIT OF BOTH_var204_Lasix: With Lasix,3/14/2019,1,1,0,2,0,1,A BIT OF BOTH,Lasix: With Lasix
A BIT OF BOTH_var204_Lasix: With Lasix,4/20/2019,1,1,1,4,0,1,A BIT OF BOTH,Lasix: With Lasix
A BIT OF BOTH_var204_Lasix: With Lasix,6/15/2019,1,1,0,3,0,1,A BIT OF BOTH,Lasix: With Lasix
A BIT OF BOTH_var204_Lasix: With Lasix,7/14/2019,1,0,0,1,0,0,A BIT OF BOTH,Lasix: With Lasix
A BIT OF BOTH_var204_Lasix: With Lasix,10/14/2019,1,0,0,0,1,1,A BIT OF BOTH,Lasix: With Lasix
A BIT OF BOTH_var204_Lasix: With Lasix,10/14/2019,1,1,0,2,0,1,A BIT OF BOTH,Lasix: With Lasix
A BIT OF BOTH_var204_Lasix: With Lasix,11/26/2019,1,1,1,4,0,1,A BIT OF BOTH,Lasix: With Lasix
A BIT OF BOTH_var204_Lasix: With Lasix,12/14/2019,1,0,0,0,1,0,A BIT OF BOTH,Lasix: With Lasix
A BIT OF BOTH_var204_Lasix: With Lasix,1/25/2020,1,0,0,0,1,0,A BIT OF BOTH,Lasix: With Lasix
A BIT OF BOTH_var204_Lasix: With Lasix,7/11/2020,1,1,0,2,0,0,A BIT OF BOTH,Lasix: With Lasix
A BIT OF BOTH_var204_Lasix: With Lasix,8/28/2020,1,0,0,0,1,0,A BIT OF BOTH,Lasix: With Lasix
A BIT OF BOTH_var204_Lasix: With Lasix,10/11/2020,1,1,0,2,0,1,A BIT OF BOTH,Lasix: With Lasix
A BIT OF BOTH_var204_Lasix: With Lasix,11/15/2020,1,0,0,0,0,1,A BIT OF BOTH,Lasix: With Lasix
A BIT OF BOTH_var204_Lasix: With Lasix,12/5/2020,1,0,0,0,1,0,A BIT OF BOTH,Lasix: With Lasix
A BIT OF BOTH_var204_Lasix: Without Lasix,2/6/2021,1,0,0,0,1,0,A BIT OF BOTH,Lasix: Without Lasix
A BIT OF BOTH_var205_Blinkers: With Blinkers,9/28/2018,1,1,0,3,0,1,A BIT OF BOTH,Blinkers: With Blinkers
A BIT OF BOTH_var205_Blinkers: With Blinkers,1/10/2019,1,0,0,0,1,0,A BIT OF BOTH,Blinkers: With Blinkers
A BIT OF BOTH_var205_Blinkers: With Blinkers,2/14/2019,1,1,1,4,0,1,A BIT OF BOTH,Blinkers: With Blinkers
A BIT OF BOTH_var205_Blinkers: With Blinkers,3/14/2019,1,1,0,2,0,1,A BIT OF BOTH,Blinkers: With Blinkers
A BIT OF BOTH_var205_Blinkers: With Blinkers,4/20/2019,1,1,1,4,0,1,A BIT OF BOTH,Blinkers: With Blinkers
A BIT OF BOTH_var205_Blinkers: With Blinkers,6/15/2019,1,1,0,3,0,1,A BIT OF BOTH,Blinkers: With Blinkers
A BIT OF BOTH_var205_Blinkers: With Blinkers,7/14/2019,1,0,0,1,0,0,A BIT OF BOTH,Blinkers: With Blinkers
A BIT OF BOTH_var205_Blinkers: With Blinkers,10/14/2019,1,0,0,0,1,1,A BIT OF BOTH,Blinkers: With Blinkers
A BIT OF BOTH_var205_Blinkers: With Blinkers,10/14/2019,1,1,0,2,0,1,A BIT OF BOTH,Blinkers: With Blinkers
A BIT OF BOTH_var205_Blinkers: With Blinkers,11/26/2019,1,1,1,4,0,1,A BIT OF BOTH,Blinkers: With Blinkers
A BIT OF BOTH_var205_Blinkers: With Blinkers,12/14/2019,1,0,0,0,1,0,A BIT OF BOTH,Blinkers: With Blinkers
A BIT OF BOTH_var205_Blinkers: With Blinkers,1/25/2020,1,0,0,0,1,0,A BIT OF BOTH,Blinkers: With Blinkers
A BIT OF BOTH_var205_Blinkers: With Blinkers,7/11/2020,1,1,0,2,0,0,A BIT OF BOTH,Blinkers: With Blinkers
A BIT OF BOTH_var205_Blinkers: With Blinkers,8/28/2020,1,0,0,0,1,0,A BIT OF BOTH,Blinkers: With Blinkers
A BIT OF BOTH_var205_Blinkers: With Blinkers,10/11/2020,1,1,0,2,0,1,A BIT OF BOTH,Blinkers: With Blinkers
A BIT OF BOTH_var205_Blinkers: With Blinkers,11/15/2020,1,0,0,0,0,1,A BIT OF BOTH,Blinkers: With Blinkers
A BIT OF BOTH_var205_Blinkers: With Blinkers,12/5/2020,1,0,0,0,1,0,A BIT OF BOTH,Blinkers: With Blinkers
A BIT OF BOTH_var205_Blinkers: With Blinkers,2/6/2021,1,0,0,0,1,0,A BIT OF BOTH,Blinkers: With Blinkers
